t,TI,currently_infected,DR,recovered,D,deaths,TI+DR+D,total_cases
0.0,1.6100493378103458e-08,3.8055711620971815e-08,0.0,2.9273624323824472e-09,0.0,0.0,1.6100493378103458e-08,4.0983074053354255e-08
1.0,5.514335181532526e-08,4.1714914661449874e-08,2.660845962731024e-09,2.9273624323824472e-09,1.3176142176397874e-12,7.318406080956116e-10,5.7805515392273924e-08,4.5374117701927926e-08
2.0,8.286038822660363e-08,4.97651613505016e-08,7.855314835921758e-09,2.9273624323824472e-09,7.095921167609483e-12,7.318406080956116e-10,9.0722798983693e-08,5.342436439097965e-08
3.0,1.0528493774140705e-07,5.5619886215266496e-08,1.4909878414207304e-08,2.9273624323824472e-09,2.109366830161921e-11,1.4636812161912232e-09,1.20215909823916e-07,6.001092986384016e-08
4.0,1.2587718423732057e-07,7.025669837717872e-08,2.350026079882173e-08,2.9273624323824472e-09,4.696034427951136e-11,1.4636812161912232e-09,1.494244053804218e-07,7.46477420257524e-08
5.0,1.4627158155628067e-07,7.172037959336996e-08,3.3561693828758375e-08,9.513927905242952e-09,8.839685550114144e-11,1.4636812161912232e-09,1.799216722405402e-07,8.269798871480414e-08
6.0,1.6733286996337537e-07,7.611142324194363e-08,4.513985945509167e-08,9.513927905242952e-09,1.4873915740109568e-10,1.4636812161912232e-09,2.1262146857586815e-07,8.70890323633778e-08
7.0,1.897384353943366e-07,9.148007601195147e-08,5.831623936472647e-08,1.0245768513338564e-08,2.3100077517437758e-10,2.195521824286835e-09,2.482856755342375e-07,1.0392136634957686e-07
8.0,2.1400933682044881e-07,1.0172584452529005e-07,7.321195953454274e-08,1.0245768513338564e-08,3.380882700082275e-10,2.195521824286835e-09,2.875593846249998e-07,1.1416713486291545e-07
9.0,2.4055599061667846e-07,1.2807210641673208e-07,8.998264140381977e-08,1.0977609121434176e-08,4.728737855924573e-10,2.9273624323824472e-09,3.3101150580609066e-07,1.4197707797054868e-07
10.0,2.697582020623981e-07,1.6027309317293897e-07,1.0881833174686377e-07,1.4636812161912234e-08,6.383657896130319e-10,3.659203040478058e-09,3.792148995988749e-07,1.7856910837532928e-07
11.0,3.019419474620456e-07,2.2174770425297038e-07,1.2992363850396902e-07,1.6832333986199073e-08,8.375462275439766e-10,2.9273624323824472e-09,4.327031321935586e-07,2.4150740067155185e-07
12.0,3.3743886870628625e-07,2.649263001306115e-07,1.5353005279086545e-07,1.975969641858152e-08,1.073636585495659e-09,5.122884256669282e-09,4.920425580826474e-07,2.8980888080586226e-07
13.0,3.767395906834617e-07,3.381103609401726e-07,1.8002662209413123e-07,1.975969641858152e-08,1.351817398638562e-09,7.318406080956117e-09,5.581180301762315e-07,3.6518846343971035e-07
14.0,4.2032086645823605e-07,3.556745355344673e-07,2.0981653786754636e-07,2.9273624323824468e-08,1.6773852541726535e-09,7.318406080956117e-09,6.31814789579955e-07,3.922665659392479e-07
15.0,4.6818938895176975e-07,4.405680460735583e-07,2.429054604215363e-07,3.1469146148111303e-08,2.0504145094096583e-09,8.78208729714734e-09,7.131452638827158e-07,4.808192795188169e-07
16.0,5.206056614765942e-07,4.84478482559295e-07,2.795168494629008e-07,3.2932827364302533e-08,2.473954028238815e-09,1.4636812161912234e-08,8.025964649677339e-07,5.320481220855097e-07
17.0,5.786082095478845e-07,5.810814428279157e-07,3.2054155204026223e-07,5.342436439097965e-08,2.960158446662639e-09,1.4636812161912234e-08,9.021099200348093e-07,6.491426193808076e-07
18.0,6.423048116875368e-07,6.432878945160427e-07,3.6607202055535145e-07,6.147461108003138e-08,3.5102891768307625e-09,1.756417459429468e-08,1.011887121419719e-06,7.223266801903688e-07
19.0,7.095510359534328e-07,6.601202285022418e-07,4.1420695170195664e-07,6.952485776908313e-08,4.097739102992471e-09,1.975969641858152e-08,1.127855726758382e-06,7.494047826899064e-07
20.0,7.877655296428011e-07,8.174659592427983e-07,4.7152389096277715e-07,7.46477420257524e-08,4.8145553558932865e-09,2.341889945905957e-08,1.2641039759614716e-06,9.155326007276102e-07
21.0,8.724124361640436e-07,9.067505134304628e-07,5.340012422382946e-07,9.001639479576026e-08,5.6044591332122355e-09,2.5614421283346413e-08,1.4120181375355504e-06,1.0223813295095696e-06
22.0,9.640416174410897e-07,1.3114583697073362e-06,6.021266183913896e-07,1.0831240999815053e-07,6.4742750444430145e-09,4.2446755269545486e-08,1.5726425108769222e-06,1.462217534975032e-06
23.0,1.0636837873407768e-06,1.6685965864579946e-06,6.768333437025251e-07,1.3978155614626184e-07,7.4372502768418945e-09,5.269252378288404e-08,1.7479543813201438e-06,1.8610706663871408e-06
24.0,1.1726717599094181e-06,1.685428920444194e-06,7.593513964192802e-07,1.4051339675435745e-07,8.510894233250555e-09,5.269252378288404e-08,1.9405340505619487e-06,1.8786348409814355e-06
25.0,1.291581174980673e-06,2.0250029626005574e-06,8.503413343809071e-07,1.675914992538951e-07,9.704411713671723e-09,6.293829229622262e-08,2.1516269210752517e-06,2.255532754150675e-06
26.0,1.421093901790831e-06,2.3858003823916943e-06,9.505121557546935e-07,1.675914992538951e-07,1.1027985263950579e-08,7.245222020146558e-08,2.382634042809475e-06,2.625844101847055e-06
27.0,1.5623925171482982e-06,3.1227638747439757e-06,1.0609624551035019e-06,2.744402280358544e-07,1.249803708519371e-08,9.95303227010032e-08,2.6358530093369935e-06,3.496734425480833e-06
28.0,1.715509279908086e-06,3.4689244823731998e-06,1.181722172471782e-06,3.081048960082525e-07,1.4115009958569621e-08,1.0977609121434177e-07,2.9113464623384377e-06,3.886805469595794e-06
29.0,1.8822688807609726e-06,3.828990061556241e-06,1.314624716496514e-06,3.703113476963796e-07,1.5906235714964836e-08,1.302676282410189e-07,3.212799832972451e-06,4.329569037493639e-06
30.0,2.063261785669937e-06,4.302490934994102e-06,1.460387296752266e-06,4.537411770192793e-07,1.788242799237702e-08,1.6539597742960829e-07,3.5415315104145803e-06,4.921628089442989e-06
31.0,2.259565782713045e-06,4.814047520052934e-06,1.620096879740609e-06,5.664446306660035e-07,2.006017772044319e-08,1.800327895915205e-07,3.8997228401740966e-06,5.560524940310458e-06
32.0,2.472377594430994e-06,5.261202131599352e-06,1.7950209266108559e-06,7.091535492446478e-07,2.2458867482606243e-08,2.1077009513153617e-07,4.289857388524457e-06,6.181125775975536e-06
33.0,2.7027579782283855e-06,5.703965699497198e-06,1.986317035371736e-06,7.903878567432607e-07,2.5096290050277727e-08,2.422392412796475e-07,4.7141713036504e-06,6.736592797520106e-06
34.0,2.951900431172878e-06,6.523627180564283e-06,2.195300233733921e-06,8.643037581609174e-07,2.7992773015116784e-08,2.61998937698229e-07,5.1751934379219156e-06,7.649929876423429e-06
35.0,3.221070343922846e-06,7.124468319810779e-06,2.42339265305065e-06,9.945713864019363e-07,3.1170417095716613e-08,2.876133589815754e-07,5.6756334140692125e-06,8.406653065194291e-06
36.0,3.511589278037282e-06,7.67334877588249e-06,2.672163468789003e-06,1.047995750792916e-06,3.465361238119493e-08,2.963954462787228e-07,6.21840635920748e-06,9.017739972954127e-06
37.0,3.825062632721184e-06,8.20686057918419e-06,2.943446999913766e-06,1.2938941951130414e-06,3.847086708677285e-08,3.2786459242683404e-07,6.806980499721723e-06,9.828619366724066e-06
38.0,4.163026333508467e-06,8.65401519073061e-06,3.238989703552149e-06,1.4936866811231436e-06,4.2649323539899834e-08,3.556745355344673e-07,7.444665360600516e-06,1.050337640738822e-05
39.0,4.52701630593304e-06,9.322185665921902e-06,3.5605380368313615e-06,1.802523417739492e-06,4.7216124068025346e-08,3.812889568178137e-07,8.134770466832427e-06,1.1505998040479207e-05
40.0,4.918607018160541e-06,1.0393600316173875e-05,3.909848385003526e-06,2.088673095504876e-06,5.2198695955625054e-08,4.09098899925447e-07,8.88065409911969e-06,1.28913723116042e-05
41.0,5.340663231800981e-06,1.0739029083195006e-05,4.289009497612352e-06,2.3953143102969373e-06,5.7634006006568595e-08,4.3324963999260213e-07,9.687306735419901e-06,1.3567593033484543e-05
42.0,5.795625603282395e-06,1.131425580115816e-05,4.700402079725815e-06,2.9090664171800566e-06,6.356195678044216e-08,4.7203719222166965e-07,1.0559589639788652e-05,1.4695359410559884e-05
43.0,6.283914249451466e-06,1.1942906883512286e-05,5.1466172552187755e-06,3.198143457377823e-06,7.001886941869801e-08,4.983834541131116e-07,1.150055037408894e-05,1.5639433795003222e-05
44.0,6.80732574656547e-06,1.2693043506810292e-05,5.630769064609522e-06,3.667985127775206e-06,7.705478786964536e-08,5.27657078436936e-07,1.2515149599044637e-05,1.6888685713022434e-05
45.0,7.366646756935164e-06,1.3357554778961104e-05,6.1539676841413825e-06,4.0236596633096736e-06,8.468796390867667e-08,5.708356743145772e-07,1.3605302404985223e-05,1.7952050116585354e-05
46.0,7.965659916348372e-06,1.4284796829418245e-05,6.720723904693602e-06,4.346401371479838e-06,9.299403206381985e-08,6.037685016788797e-07,1.4779377853105794e-05,1.923496670257696e-05
47.0,8.605662190504343e-06,1.49924866974467e-05,7.333278070505794e-06,4.773796286607675e-06,1.020103365607328e-07,6.44751575732234e-07,1.604095059757087e-05,2.041103455978661e-05
48.0,9.288560468932832e-06,1.56430929980437e-05,7.994748179819575e-06,5.223146419978381e-06,1.1178923223474085e-07,6.871983310017795e-07,1.7395097880987148e-05,2.155343774902386e-05
49.0,1.0017370897504049e-05,1.651691068410986e-05,8.709973053903668e-06,5.669569190916704e-06,1.2241349036360946e-07,7.376953329603766e-07,1.8849757441771327e-05,2.2924175207986943e-05
50.0,1.0794580195175936e-05,1.7231918958219275e-05,9.483029801143443e-06,6.1745392105026764e-06,1.3395324483504004e-07,7.89656016135165e-07,2.041156324115442e-05,2.419611418485712e-05
51.0,1.1620201746931748e-05,1.803328442408397e-05,1.0313940369352334e-05,6.636330634211007e-06,1.4640887320296697e-07,8.44544061742336e-07,2.208055098948705e-05,2.5514159120037316e-05
52.0,1.2496845931216011e-05,1.9047615506904487e-05,1.1207118889419612e-05,7.323528965212787e-06,1.5985792149388933e-07,8.950410637009331e-07,2.3863822742129513e-05,2.7266185535818205e-05
53.0,1.3428764689264583e-05,2.016733163729077e-05,1.2169755362928305e-05,7.917783538986423e-06,1.7442670133455123e-07,9.682251245104942e-07,2.5772946753527436e-05,2.905334030078769e-05
54.0,1.4416017918194796e-05,2.147147160091715e-05,1.3201951075466491e-05,8.617423160325828e-06,1.9011699207746715e-07,1.017990285860996e-06,2.7808085985738754e-05,3.1106885047103974e-05
55.0,1.545659331255584e-05,2.3436463633653876e-05,1.4299999939692859e-05,9.401956292204324e-06,2.0686216700905763e-07,1.146062392277728e-06,2.9963455419257757e-05,3.398448231813592e-05
56.0,1.6567666566084374e-05,2.4564230010729207e-05,1.5495534638960643e-05,1.034968987968814e-05,2.2523090720438317e-07,1.2390061495058706e-06,3.22884321122494e-05,3.615292603992322e-05
57.0,1.7738362857792165e-05,2.6251854452997685e-05,1.6768526883634618e-05,1.1219848362713825e-05,2.4486315123096283e-07,1.306335485450667e-06,3.475175289265775e-05,3.8778038301162176e-05
58.0,1.8971688492644327e-05,2.758014515669123e-05,1.8124755972479828e-05,1.2277358041411982e-05,2.6586415028111207e-07,1.3824469086926106e-06,3.7362308615405264e-05,4.123995010679582e-05
59.0,2.0271949419188195e-05,2.914408853619155e-05,1.9572884203443395e-05,1.3090432957006206e-05,2.8839371527356383e-07,1.452703607069789e-06,4.013322733790516e-05,4.3687225100267545e-05
60.0,2.1642402075745617e-05,3.03025922188069e-05,2.1119245746081683e-05,1.4125255576853402e-05,3.1256759813152497e-07,1.5375971176088802e-06,4.307421541995883e-05,4.596544491326918e-05
61.0,2.3086248306776815e-05,3.218634994404501e-05,2.277005366439521e-05,1.534596571115688e-05,3.384992588989556e-07,1.6188314251074932e-06,4.6194801230070984e-05,4.915114708030938e-05
62.0,2.460668995674202e-05,3.3609779926790966e-05,2.453152102238451e-05,1.650227387194795e-05,3.66302157619816e-07,1.6788423549713334e-06,4.950451313674635e-05,5.179089615371025e-05
63.0,2.6203544648731548e-05,3.473095973839344e-05,2.6409392233984818e-05,1.787154764969484e-05,3.960809755589272e-07,1.7673950685509023e-06,5.300901785827529e-05,5.4369902456639184e-05
64.0,2.787502884430673e-05,3.593630121992692e-05,2.8408758695506735e-05,1.932059205372415e-05,4.2793231584035767e-07,1.8669253912519052e-06,5.671171985565382e-05,5.7123818664902974e-05
65.0,2.963002144535313e-05,3.7601238603344434e-05,3.053504085975207e-05,2.0468849967826165e-05,4.6197096854157197e-07,1.9386457708452755e-06,6.062703327364677e-05,6.000873434201588e-05
66.0,3.1472760383562335e-05,3.862142441102972e-05,3.2794690544467526e-05,2.214403311975702e-05,4.98326001079995e-07,2.014757194087219e-06,6.476577692910985e-05,6.278021472487395e-05
67.0,3.340338722481883e-05,3.919226008534429e-05,3.519285093914262e-05,2.5046512971464216e-05,5.370940753758478e-07,2.1011143858425014e-06,6.913333223933731e-05,6.633988744265101e-05
68.0,3.542270327751015e-05,4.0893789499166593e-05,3.7738162417693176e-05,2.6928075174878035e-05,5.784401347526e-07,2.2138178394892254e-06,7.373930582995593e-05,7.003568251353385e-05
69.0,3.753367337062203e-05,4.2402112992451656e-05,4.043632689853315e-05,2.871230257741513e-05,6.224801602568884e-07,2.3096889591497507e-06,7.859248042941207e-05,7.342410452901654e-05
70.0,3.9738618151490455e-05,4.454274677113132e-05,4.329425512932147e-05,3.0963444287917235e-05,6.693526807575319e-07,2.41653768793171e-06,8.370222596156945e-05,7.792272874698026e-05
71.0,4.2039551491893766e-05,4.623183489461599e-05,4.631896224480694e-05,3.324166410091888e-05,7.191989248546731e-07,2.5131406482003307e-06,8.907771266155538e-05,8.198663964373519e-05
72.0,4.443846455864154e-05,4.836661394843089e-05,4.951742930243885e-05,3.5533057044866233e-05,7.721607528373045e-07,2.6229167394146724e-06,9.47280546139177e-05,8.652258773271179e-05
73.0,4.693733546478142e-05,5.067557106697254e-05,5.2896997922984085e-05,3.7926907673946986e-05,8.28389042969173e-07,2.7268381057642494e-06,0.00010066272243073468,9.132931684668376e-05
74.0,4.9537492419285974e-05,5.354877729435591e-05,5.6463919963299026e-05,3.980115147127984e-05,8.88016057049265e-07,2.830759472113826e-06,0.00010688942843963426,9.618068823774958e-05
75.0,5.224107811253327e-05,5.621999551390489e-05,6.0226764714363775e-05,4.222134836225203e-05,9.512197010853416e-07,2.9449266069767418e-06,0.00011341906252798239,0.0001013862704831
76.0,5.505020717778426e-05,5.859994117143182e-05,6.419381798924145e-05,4.442711595505221e-05,1.0181715461747534e-06,3.053239016974892e-06,0.00012026219671320045,0.0001060802961434
77.0,5.796699424829987e-05,6.013680644843261e-05,6.837336560099512e-05,4.704051876656163e-05,1.089043163414851e-06,3.179115601567337e-06,0.00012742940301270985,0.0001103564408165
78.0,6.099329114634546e-05,6.279411969642777e-05,7.27736197563244e-05,4.95814693578696e-05,1.1640074991279259e-06,3.318165317105504e-06,0.0001349309184017978,0.0001156937543714
79.0,6.412967999472861e-05,6.568635377962164e-05,7.740243705291129e-05,5.1902135926140784e-05,1.243244143659506e-06,3.447701104738427e-06,0.0001427753611912994,0.0001210361908105
80.0,6.737748538548188e-05,6.285339878568353e-05,8.22678820343026e-05,6.046979392511611e-05,1.3269288021972948e-06,3.6445662283161454e-06,0.0001509722962219818,0.0001269677589391
81.0,7.073817933783107e-05,6.565049358982496e-05,8.737806053447719e-05,6.36232951054001e-05,1.4152364084789558e-06,3.7945935529757463e-06,0.0001595314762807872,0.0001330683822482
82.0,7.4213233871002e-05,6.831658892511725e-05,9.274107838741398e-05,6.722102353479813e-05,1.5083418962421527e-06,3.957794008581068e-06,0.00016846265415465815,0.0001394954064684
83.0,7.780415446406775e-05,7.099439371013911e-05,9.836515988823591e-05,7.00766655875872e-05,1.6064251054544079e-06,4.10416213020019e-06,0.00017777573945775807,0.0001451752214279
84.0,8.15125187317075e-05,7.397225314448015e-05,0.00010425919217345992,7.339263538286842e-05,1.7096930103476123e-06,4.265898904589321e-06,0.00018748140391551502,0.0001516307874319
85.0,8.533820878262272e-05,7.806177846251842e-05,0.00011043204313906861,7.61633839251184e-05,1.8183471301283338e-06,4.455445622086084e-06,0.00019758859905181966,0.0001586806080097
86.0,8.928080354483119e-05,8.189296404589896e-05,0.00011689252596226748,7.936811394796909e-05,1.932587155538035e-06,4.6567017893123776e-06,0.0002081059166626367,0.0001659177797831
87.0,9.334065368699125e-05,8.511452640273584e-05,0.00012364942891689168,8.286850757649041e-05,2.0526161714619925e-06,4.866008203227722e-06,0.00021904269877534493,0.0001728490421824
88.0,9.751894083623449e-05,8.853880860801519e-05,0.00013071170737076292,8.686582097790864e-05,2.1786463256177644e-06,5.083364863832119e-06,0.00023040929453261517,0.0001804879944497
89.0,0.00010181588227837071,9.25273399221363e-05,0.00013808795185012157,9.063699563142532e-05,2.310881079928055e-06,5.2743752625450734e-06,0.00024221471520842033,0.0001884387108161
90.0,0.00010623120087933852,9.467090106324832e-05,0.0001457867753240543,9.4476963302103e-05,2.4495253799408332e-06,5.469044864298507e-06,0.00025446750158333365,0.0001946169092296
91.0,0.00011076464783112684,9.78661171581938e-05,0.00015381566030277168,9.855697469223604e-05,2.5947612057888963e-06,5.671764712740991e-06,0.00026717506933968745,0.0002020948565631
92.0,0.00011541587434388342,0.0001048705636182,0.00016218401941239097,9.894924125817528e-05,2.746818196283196e-06,5.929372606790646e-06,0.0002803467119525576,0.0002097491774832
93.0,0.00012018461117673089,0.0001038057355334,0.00017090184324773165,0.0001077232783086,2.905938541571752e-06,6.2191814875965085e-06,0.0002939923929660343,0.0002177481953297
94.0,0.000125070253590578,0.0001066869920075,0.00017997815596450828,0.0001129449610473,3.072346490210962e-06,6.501671962321415e-06,0.0003081207560452972,0.0002261336250172
95.0,0.00013007172005326568,0.0001092989311378,0.00018942060826413154,0.0001188355461019,3.246240793075994e-06,6.72927439143915e-06,0.00032273856911047325,0.0002348637516312
96.0,0.00013518826562917153,0.000112049188143,0.0001992378204509556,0.0001242650715734,3.4278382013691497e-06,6.967122589070224e-06,0.00033785392428149633,0.0002432813823055
97.0,0.00014041889431098465,0.0001121018806668,0.0002094383279695136,0.0001317408233851,3.6173567621751905e-06,7.2452220201465565e-06,0.0003534745790426734,0.0002510879260721
98.0,0.00014576187211091086,0.0001136014220728,0.00022003037432941875,0.0001368066240743,3.815017351336681e-06,8.711098758162066e-06,0.0003696072637916663,0.0002591191449053
99.0,0.00015121586291967962,0.0001173755240888,0.0002310223604355508,0.0001422149261681,4.0210393195854236e-06,8.955533521266001e-06,0.00038625926267481583,0.0002685459837782
100.0,0.00015677364815376585,0.0001194715155903,0.00024244666458782352,0.0001498158227238,4.236295096184679e-06,9.201431965586126e-06,0.0004034566078377741,0.0002784887702798
101.0,0.00016244876383470365,0.0001231460872836,0.00025424455491108934,0.0001564902090696,4.459196377777127e-06,9.47587219362198e-06,0.0004211525151235701,0.0002891121685469
102.0,0.0001682259325998213,0.0001240242960133,0.000266479470218254,0.0001666605980003,4.691467343866268e-06,9.699815419699238e-06,0.00043939687016194157,0.0003003847094334
103.0,0.0001741049383436663,0.0001276234881239,0.00027915169393991264,0.0001735896648778,4.933116676668472e-06,1.0025484490301785e-05,0.0004581897489602474,0.0003112386374921
104.0,0.0001800835411393638,0.0001302778740095,0.00029226434831122007,0.0001816355205232,5.1842397613826785e-06,1.0253818760027616e-05,0.0004775321292119665,0.0003221672132928
105.0,0.00018615999173485307,0.0001339429317748,0.00030582381541034893,0.0001893161877052,5.4450263899543e-06,1.0594124642792077e-05,0.0004974288335351563,0.0003338532441228
106.0,0.0001923320250102767,0.0001364985191783,0.00031983721776957674,0.0001988388976977,5.715687812414565e-06,1.0900034016976042e-05,0.000517884930592268,0.000346237450893
107.0,0.0001985966815100371,0.0001386567171316,0.000334311564779884,0.0002090407557746,5.996433764525465e-06,1.1197893144470957e-05,0.0005389046800544466,0.0003588953660506
108.0,0.00020495082933971083,0.0001444558221101,0.0003492534548598244,0.0002165377309639,6.287464877170757e-06,1.147891993797967e-05,0.0005604917490767059,0.000372472473012
109.0,0.0002113912831805387,0.0001486009673144,0.00036466926891089884,0.0002266605502551,6.588979183404688e-06,1.177897458729887e-05,0.0005826495312748422,0.0003870404921568
110.0,0.0002179145189289006,0.000153774348573,0.00038056553566589936,0.0002354499559583,6.901184816974498e-06,1.2057074018375205e-05,0.0006053812394117745,0.0004012813785497
111.0,0.00022451778408229508,0.0001574372108165,0.0003969460390912902,0.0002450363360837,7.224213803007148e-06,1.236298339255917e-05,0.0006286880369765924,0.0004148365302929
112.0,0.00023119686026811136,0.0001611286148438,0.00041381780640529017,0.0002546161296437,7.558297019419123e-06,1.2734026580863645e-05,0.0006525729636928207,0.0004284787710684
113.0,0.00023794774530092416,0.0001660890304854,0.00043118768801574255,0.0002633601612292,7.903657772601856e-06,1.305164540477714e-05,0.0006770390910892686,0.0004425008371195
114.0,0.0002447664339687597,0.0001664490960646,0.0004490624461458088,0.0002780203922906,8.260517363210533e-06,1.3329012995245377e-05,0.000702089397477779,0.0004577985013505
115.0,0.00025164880544054985,0.0001722994298857,0.00046744547421982436,0.0002885113274077,8.629020469501184e-06,1.3652486544023636e-05,0.0007277233001298755,0.0004744632438375
116.0,0.000258590744543757,0.0001791648266303,0.0004863403305349845,0.0002993835514815,9.009315519717515e-06,1.4101104836786246e-05,0.000753940390598459,0.0004926494829486
117.0,0.0002655881781198435,0.0001853657121027,0.0005057517975523224,0.0003106173048158,9.401578785371725e-06,1.441213709522688e-05,0.0007807415544575377,0.0005103951540137
118.0,0.0002726370330102719,0.0001899645984839,0.0005256846577328713,0.0003219615660819,9.805986537976018e-06,1.4753174818599435e-05,0.0008081276772811193,0.0005266793393845
119.0,0.000279732686685889,0.0001938967780712,0.0005461421632027082,0.0003343274768369,1.022268817055575e-05,1.5106653832309618e-05,0.000836097538059153,0.0005433309087405
120.0,0.0002868701686409417,0.0001974425458175,0.000567126596759119,0.0003486327652033,1.0651816051045755e-05,1.546306020845218e-05,0.0008646485814511064,0.0005615383712293
121.0,0.00029404493727046375,0.0002024893186509,0.0005886414359517992,0.0003626365352392,1.109352353176523e-05,1.5810684497297597e-05,0.0008937798967540282,0.0005809365383875
122.0,0.0003012524511372518,0.0002074087512185,0.0006106901587977672,0.0003771804036439,1.1547963973241337e-05,1.619050977289922e-05,0.0009234905739082604,0.0006007796646354
123.0,0.00030848724449685384,0.0002138665127443,0.0006332757349783478,0.0003912551622188,1.201527909612295e-05,1.6593022107351806e-05,0.0009537782585713246,0.0006217146970706
124.0,0.0003157419184594564,0.0002207297139671,0.000656399260474758,0.0004050525532032,1.249557132039375e-05,1.6959674252007706e-05,0.0009846367502546081,0.0006427419414224
125.0,0.0003230147841501463,0.0002280159190613,0.0006800617219958462,0.0004182176339023,1.2988954685742051e-05,1.736438210828458e-05,0.0010160654608317346,0.0006635979350719
126.0,0.000330301470780441,0.0002340719000933,0.0007042642030655771,0.000433273058892,1.3495538283096748e-05,1.7790313342196225e-05,0.001048061212129115,0.0006851352723275
127.0,0.0003375957740660836,0.000242367313386,0.000729007614556883,0.0004484485057415,1.4015421338238203e-05,1.823307691009407e-05,0.0010806188099612046,0.0007090488960376
128.0,0.0003448921254798003,0.0002506356485763,0.0007542923897228934,0.000465272789481,1.454869841536826e-05,1.873658324846385e-05,0.001113733213618062,0.0007346450213058
129.0,0.0003521858665188872,0.0002627746887428,0.0007801184724289952,0.0004784415293831,1.5095447807370968e-05,1.922764829649601e-05,0.0011473997867552535,0.0007604438664224
130.0,0.00035947149927903916,0.0002733732044292,0.0008064854508514287,0.0004957656602579,1.5655747488499508e-05,1.9625037746691924e-05,0.0011816126976189674,0.0007887639024338
131.0,0.0003667440971027048,0.0002858730420155,0.0008333926133986694,0.0005123520957998,1.622965942433994e-05,2.012342120080504e-05,0.0012163663699257142,0.0008183485590161
132.0,0.00037399915985101244,0.0002946961123867,0.0008608390589285105,0.0005302756041327,1.681723474639321e-05,2.0551547956540968e-05,0.0012516554535259162,0.0008455232644759
133.0,0.0003812290449826504,0.0003010031147472,0.0008888225001409801,0.0005511125699264,1.7418543476074025e-05,2.1027244351803115e-05,0.0012874700885997046,0.0008731429290254
134.0,0.0003884325157251548,0.0003120056064494,0.0009173419242985828,0.0005727435827798,1.8033582293391302e-05,2.1853492398343063e-05,0.0013238080223171287,0.0009066026816276
135.0,0.0003956029481373711,0.0003222279560632,0.0009463943777193535,0.0005980667315012,1.866238976638888e-05,2.2395054448333813e-05,0.0013606597156231135,0.0009426897420128
136.0,0.00040273433526048503,0.0003338905679938,0.0009759774923576807,0.0006216488314158,1.930500795366308e-05,2.2949057788662192e-05,0.001398016835571829,0.0009784884571984
137.0,0.00040982068750891745,0.0003425028682699,0.0010060888777430415,0.000648098282833,1.9961478105491338e-05,2.3462809895545312e-05,0.0014358710433574502,0.0010140639609985
138.0,0.0004168573523292054,0.0003551454147748,0.0010367244175992967,0.000671513523089,2.0631779264490528e-05,2.398314856790129e-05,0.0014742135491929926,0.0010506420864317
139.0,0.0004238398383609178,0.0003626262894707,0.0010678797875866128,0.0006961019038398,2.1315882973501435e-05,2.44493310352582e-05,0.001513035508921032,0.0010831775243458
140.0,0.000430763074862555,0.0003728340022724,0.001099551411214884,0.000723079744176,2.2013787732040375e-05,2.502382591261325e-05,0.0015523282738094794,0.0011209375723611
141.0,0.0004376220047134198,0.0003858797929523,0.0011317356284396831,0.0007462834824963,2.2725489921879375e-05,2.5581488455982108e-05,0.0015920831230749823,0.0011577447639047
142.0,0.0004444119362847673,0.0003978871018094,0.0011644265371731804,0.0007723465220724,2.3450929098590324e-05,2.613988283995906e-05,0.0016322894025565381,0.0011963735067218
143.0,0.00045112814237540267,0.0004135653231566,0.0011976184535402177,0.000800907333644,2.4190050348501952e-05,2.672023244217888e-05,0.0016729366462641222,0.0012411928892428
144.0,0.0004577657831354608,0.0004154878684341,0.0012313063846882645,0.0008384178240119,2.4942816272407766e-05,2.734449248088444e-05,0.001714014984096133,0.0012812501849269
145.0,0.00046432005718113504,0.0004239969791844,0.0012654851706293583,0.0008681115248448,2.5709184881931996e-05,2.7908741589726152e-05,0.0017555144126924255,0.001320017245619
146.0,0.00047078668562605035,0.0004290766848452,0.0013001473811186685,0.0009005364548271,2.6489051852466965e-05,2.849640959802693e-05,0.0017974231185971857,0.0013581095492703
147.0,0.0004771612555232769,0.0004290371654524,0.00133528616840589,0.0009383770053093,2.7282328853416226e-05,2.9123596999164868e-05,0.001839729752782583,0.0013965377677608
148.0,0.00048343923864007683,0.0004358118139615,0.0013708951856587766,0.0009721302259952,2.808894130828522e-05,2.9785180908883303e-05,0.0018824233656071386,0.0014377272208657
149.0,0.0004896162482304644,0.0004445082759075,0.001406967918364611,0.0010085532012196,2.8908810204235382e-05,3.0433591687656012e-05,0.0019254929767993107,0.0014834950688148
150.0,0.000495689389882336,0.0004530737383846,0.0014434960174835414,0.0010443402069554,2.9741807777887215e-05,3.111639897500922e-05,0.0019689272151437644,0.0015285303443151
151.0,0.0005016541207447543,0.0004601425868182,0.001480471308185067,0.001083771047079,3.058780508674401e-05,3.174651373857954e-05,0.0020127132340165654,0.0015756601476359
152.0,0.0005075054190800879,0.0004646785349072,0.0015178857815851508,0.0011239190909985,3.1446675487009274e-05,3.248347723093182e-05,0.002056837876152248,0.0016210811031367
153.0,0.0005132395661303177,0.000468326028498,0.001555730944932245,0.0011588615526727,3.231828188701838e-05,3.31209104005831e-05,0.002101288792949581,0.0016603084915713
154.0,0.0005188534887554722,0.0004712672959019,0.001593997532670851,0.0011999251291929,3.3202471186944386e-05,3.3731265467734844e-05,0.0021460534926132676,0.0017049236905626
155.0,0.0005243441149376931,0.0004783471219446,0.0016326777957363036,0.0012411884981992,3.409911077997112e-05,3.442065932056091e-05,0.002191121021453968,0.0017539562794644
156.0,0.0005297069948754844,0.000484182087113,0.0016717598313418269,0.0012818590763129,3.5007990985902515e-05,3.515762281291319e-05,0.0022364748172032135,0.0018011987862388
157.0,0.0005349404931792775,0.0004888329341774,0.0017112381465407786,0.001323852822246,3.592900957358529e-05,3.5886536058576416e-05,0.0022821076492936417,0.001848572292482
158.0,0.0005400408757182068,0.0004959786258749,0.0017511011429524877,0.0013628760271509,3.686195539085206e-05,3.6577393592618674e-05,0.0023280039740615466,0.0018954320466184
159.0,0.0005450045472017007,0.0004953829076199,0.001791337920730254,0.0014050183367274,3.780663142841147e-05,3.7266055604836645e-05,0.002374149099360366,0.0019376672999522
160.0,0.000549828686959602,0.0004926846112978,0.0018319380975436528,0.001447339947253,3.876283933292091e-05,3.79071479775284e-05,0.0024205296238361757,0.0019779317065284
161.0,0.0005545111936640971,0.0004951260315664,0.001872891771647796,0.0014913565006269,3.973037950290001e-05,3.870558608096072e-05,0.0024671333448147933,0.0020251881182744
162.0,0.0005590493609257845,0.0005023317341937,0.0019141886370621069,0.0015344238567321,4.070905338671654e-05,3.9421326195678224e-05,0.002513947051374608,0.0020761769171216
163.0,0.0005634407204469485,0.0005064556560204,0.0019558180785039176,0.0015800043534855,4.169865091139874e-05,4.0140725513436206e-05,0.002560957449862265,0.0021266007350194
164.0,0.0005676834048698641,0.0005103344112433,0.0019977687077663586,0.0016265721032193,4.269893310808085e-05,4.083231488808656e-05,0.0026081510457443033,0.0021777388293507
165.0,0.0005717752005009516,0.0005179001794498,0.0020400295820969623,0.0016690108082421,4.370967766128066e-05,4.149975352266976e-05,0.002655514460259195,0.0022284107412146
166.0,0.0005757081333511805,0.0005201710808567,0.002082553153152805,0.0017110689561488,4.4729883124867585e-05,4.211157227103769e-05,0.0027029911696288536,0.0022733516092765
167.0,0.0005794967722212199,0.0005154704686309,0.002125428273998459,0.0017597729486175,4.5761427944894945e-05,4.273217310670277e-05,0.0027506864741645735,0.0023179755903552
168.0,0.0005831260643235695,0.0005173022656729,0.002168560341252018,0.0017991123086651,4.6802302360247676e-05,4.343986297473123e-05,0.0027984887079358354,0.0023598544373128
169.0,0.0005865959570521476,0.0005313096949119,0.002211949031713197,0.001846998103334,4.7852498579413075e-05,4.425586525275783e-05,0.002846397487344758,0.0024225636634987
170.0,0.000589905719812129,0.0005430425635409,0.0022555892527858132,0.0018910380756074,4.891189492555502e-05,4.5029420775514894e-05,0.0028944068675234975,0.0024791100599238
171.0,0.0005930552488108118,0.0005506544377057,0.0022994703613849533,0.001938644307164,4.998025312797976e-05,4.577663003638051e-05,0.0029425058633237447,0.0025350753749061
172.0,0.000596044015837542,0.0005600790810567,0.002343580293463163,0.0019861663770507,5.1057302359459975e-05,4.647041493285515e-05,0.002990681611660165,0.0025927158730403
173.0,0.0005988709657175614,0.0005722810595155,0.0023879054101393713,0.0020307120511843,5.2142731093555924e-05,4.718103216331599e-05,0.0030389191069504886,0.0026501741428631
174.0,0.0006015354449535236,0.0005752237906007,0.0024324363992148596,0.0020783409697997,5.323632433083997e-05,4.7780409621346296e-05,0.003087208168499223,0.0027013451700218
175.0,0.000604036807639651,0.000586410706136,0.002477164267495295,0.0021237341153575,5.4337874386578616e-05,4.8545183056806215e-05,0.0031355389495215246,0.0027586900045503
176.0,0.0006063742351416312,0.000596843825845,0.002522063925176105,0.0021739266716231,5.544679072281483e-05,4.930849281104994e-05,0.003183884951040551,0.0028200789902792
177.0,0.000608548026199967,0.0006082502935628,0.002567139907727227,0.0022227104347181,5.656317724335769e-05,5.0110590117522725e-05,0.0032322511111705517,0.0028810713183985
178.0,0.0006105581472604416,0.000619426231489,0.002612375497116853,0.0022739919698086,5.768663094406155e-05,5.090756453973885e-05,0.003280620275321356,0.0029443257658374
179.0,0.0006124043826759948,0.000631080793173,0.002657756337904231,0.00232788617587,5.8816809274725155e-05,5.168697478736067e-05,0.003328977529854951,0.0030106539438304
180.0,0.0006140865054589502,0.0006458800739499,0.0027032682217891443,0.0023787959359316,5.9953373450177155e-05,5.243052484518582e-05,0.0033773081006982716,0.0030771065347267
181.0,0.0006156043656740998,0.0006467253498522,0.002748897199104962,0.0024326015892794,6.109598931350564e-05,5.325970025415815e-05,0.0034255975540925677,0.0031325866393858
182.0,0.0006169589769071633,0.0006567493706613,0.002794633225648338,0.0024874120597821,6.224439259623782e-05,5.407570253218475e-05,0.003473836595151739,0.0031982371329756
183.0,0.0006181510328447571,0.0006725746919708,0.002840465183445639,0.002540791781896,6.339829981473384e-05,5.493341972487281e-05,0.00352201451610513,0.0032682998935916
184.0,0.0006191809400289405,0.000690476976926,0.0028863809906965374,0.0025926646441978,6.455741023763234e-05,5.5818215020060405e-05,0.0035701193409631102,0.0033389598361439
185.0,0.0006200491050017722,0.0007013345641877,0.0029323685656007063,0.0026523338044976,6.5721423133572e-05,5.669715559038323e-05,0.0036181390937360504,0.0034103655242758
186.0,0.0006207572671356437,0.0007122089837834,0.0029784157102131104,0.0027097093763317,6.689003066831521e-05,5.751242602780174e-05,0.0036660630080170694,0.003479430786143
187.0,0.0006213085092003809,0.0007220324802659,0.0030245102842315227,0.0027664358055464,6.806291464286289e-05,5.834379695859836e-05,0.0037138817080747664,0.0035468120827709
188.0,0.0006217011776540002,0.0007245668442917,0.003070641070100907,0.0028244649110435,6.923977341241406e-05,5.911515695953113e-05,0.0037615820211673212,0.0036081469122948
189.0,0.0006219361025035064,0.0007288642123424,0.0031167961837586283,0.0028851791397318,7.042029300494665e-05,6.005923134397447e-05,0.003809152579267081,0.0036741025834182
190.0,0.000622015469703194,0.0007391414500019,0.0031629642199190316,0.0029457162629928,7.160417271202994e-05,6.088767491233871e-05,0.0038565838623342555,0.0037457453879071
191.0,0.0006219411395993969,0.0007448337062517,0.00320913284701905,0.0030097318246642,7.279108316160819e-05,6.174685578624295e-05,0.003903865069780055,0.0038163123867022
192.0,0.000621714318832683,0.000742060030347,0.0032552918169486394,0.0030799007021684,7.398074709038826e-05,6.265946102453818e-05,0.003950986882871711,0.00388462019354
193.0,0.0006213367307191203,0.0007397620508376,0.0033014295811995584,0.0031491416057815,7.517285047206008e-05,6.34886364335105e-05,0.003997939162390739,0.0039523922930527
194.0,0.0006208098719084835,0.0007342549502617,0.003347537380231395,0.0032174633175909,7.636715158922968e-05,6.431561632065855e-05,0.004044714403729108,0.0040160338841733
195.0,0.0006201359342633125,0.0007141747076567,0.0033936016773956773,0.0032917217204131,7.756327962739477e-05,6.508624448098323e-05,0.004091300891286385,0.0040709826725509
196.0,0.0006193169976481401,0.0007086976125458,0.0034396101912839146,0.0033574014876273,7.876089595259364e-05,6.588029154076696e-05,0.004137688084884648,0.0041319793917139
197.0,0.0006183550113084539,0.0007072375905326,0.0034855537334110664,0.003421345328919,7.995973780473545e-05,6.670653958730692e-05,0.004183868482524256,0.004195289459039
198.0,0.0006172519824145683,0.0007099702833632,0.0035314217436923003,0.0034807539539624,8.115950877640921e-05,6.754156972114401e-05,0.0042298332348832774,0.0042582658070468
199.0,0.000616010038501062,0.000703276137321,0.003577203784481904,0.0035491225035707,8.235991212155361e-05,6.833854414336013e-05,0.004275573735104519,0.0043207371850351
200.0,0.0006146314563303858,0.0006999338212638,0.003622889797784232,0.0036164833086616,8.356065600754225e-05,6.91611329868596e-05,0.00432108191012216,0.0043855782629124
201.0,0.000613125578525615,0.0007044990429771,0.0036684393812273118,0.0036712930473237,8.476056463550835e-05,6.992151537867093e-05,0.0043663255243884345,0.0044457136056796
202.0,0.0006114749903720208,0.0006934745960568,0.003713925852759501,0.0037334094826171,8.59617827555819e-05,7.048942369055314e-05,0.004411362625887103,0.0044973735023644
203.0,0.0006096985314020413,0.000688252913318,0.003759270484010022,0.0037966610026936,8.716200399981322e-05,7.135226376749785e-05,0.004456131019411877,0.0045562661797791
204.0,0.0006077963169162224,0.0006884461192385,0.0038044730039646477,0.0038591426264503,8.836121991286521e-05,7.221656752565878e-05,0.004500630540793736,0.0046198053132146
205.0,0.0006057698154114565,0.000689552662238,0.0038495297433654607,0.0039168680180951,8.955931665713382e-05,7.301793299152347e-05,0.004544858875434051,0.0046794386133246
206.0,0.0006036213216816562,0.0006915864472879,0.003894432900989683,0.0039722156596042,9.075605784556116e-05,7.380027060157768e-05,0.0045888102805169,0.0047376023774936
207.0,0.0006013535309026093,0.0006861920501656,0.003939172963501916,0.0040324168680261,9.195115414122474e-05,7.448820077318755e-05,0.0046324776485457495,0.0047930971189649
208.0,0.0005989684183121943,0.0006838516239009,0.003983743665572236,0.0040885761207695,9.314441091767764e-05,7.514905284229789e-05,0.004675856494802107,0.0048475767975128
209.0,0.0005964690388048889,0.0006725783511738,0.004028134729608363,0.0041440401249353,9.433551250960309e-05,7.579599993985442e-05,0.004718939280922855,0.004892414476049
210.0,0.000593858330110524,0.0006644256467996,0.004072336172634425,0.0042041996184426,9.55241528752629e-05,7.651759477943668e-05,0.0047617186556202125,0.0049451428600217
211.0,0.0005911390451865822,0.0006604312607606,0.004116339568105192,0.0042649504391612,9.671006771331662e-05,7.722821200989753e-05,0.004804188681005091,0.0050026099119318
212.0,0.0005883136987929927,0.0006539669126693,0.004160138495933507,0.0043223011284146,9.78930465316688e-05,7.793370635610169e-05,0.004846345241258168,0.0050542017474401
213.0,0.0005853849946526222,0.0006463506474609,0.004203724944302129,0.0043828631342563,9.90728361511651e-05,7.861139075919823e-05,0.0048881827751059165,0.0051078251724764
214.0,0.0005823558533988967,0.0006348688001605,0.004247090901232636,0.0044481096518305,0.0001002491836861855,7.928322043743001e-05,0.004929695938317717,0.0051622616724284
215.0,0.0005792322543470163,0.000630739023609,0.004290228840088562,0.0045004794339052,0.00010142185255598529,7.988040237363603e-05,0.0049708829469915635,0.0052110988598879
216.0,0.0005760142792511453,0.0006138159413874,0.004333132142681468,0.0045573873595907,0.00010259061303521327,8.039708184295152e-05,0.005011737034967827,0.0052516003828211
217.0,0.0005727033296114719,0.0006051414346596,0.004375794042231875,0.0046120060878541,0.00010375523562218761,8.093132548686131e-05,0.005052252607465534,0.0052980788480006
218.0,0.000569303751459914,0.0005945399916107,0.004418207284260063,0.0046716613431824,0.00010491548215040227,8.142897710036634e-05,0.00509242651787038,0.0053476303118936
219.0,0.000565818203598519,0.0005887862607499,0.004460365760535022,0.0047231375478746,0.00010607114555099012,8.208397444461191e-05,0.005132255109684531,0.0053940077830692
220.0,0.0005622494944389874,0.0005818769535689,0.004502263162481817,0.0047749635723775,0.00010722200988077705,8.269652503358793e-05,0.005171734666801582,0.00543953705098
221.0,0.0005586009430846347,0.0005732587985679,0.004543892667477253,0.0048281054462938,0.0001083678392854109,8.34525163817507e-05,0.005210861449847299,0.0054848167612435
222.0,0.0005548749020338944,0.0005650212006832,0.004585249551619738,0.0048766989308307,0.00010950846858499537,8.387625209383805e-05,0.005249632922238628,0.0055255963836078
223.0,0.0005510738591041369,0.0005478105051026,0.004626328872200813,0.0049277228580272,0.00011064372410064109,8.430584253079018e-05,0.005288046455405591,0.0055598392056606
224.0,0.0005472024199086926,0.0005416279156454,0.004667121869000641,0.0049729323115923,0.00011177329229808187,8.483057224679474e-05,0.005326097581207415,0.0055993907994845
225.0,0.0005432607444214035,0.0005238602893621,0.004707628570029003,0.0050310514334842,0.00011289717008173284,8.534432435367786e-05,0.00536378648453214,0.0056402560472
226.0,0.0005392525291089986,0.0005090017294959,0.004747842507075556,0.0050851922698305,0.00011401511899088099,8.584929437326383e-05,0.005401110155175436,0.0056800432936997
227.0,0.0005351810428393256,0.0004981492651185,0.004787757743900457,0.0051346273710667,0.00011512692307588325,8.632499076852597e-05,0.005438065709815666,0.0057191016269538
228.0,0.0005310495539444009,0.0004889822296615,0.004827368344930484,0.0051800578404955,0.00011623236641530556,8.674799464000525e-05,0.00547465026529019,0.005755788064797
229.0,0.0005268612100694273,0.0004784166468024,0.004866668783247571,0.005223313279637,0.00011733124555955028,8.709927813189114e-05,0.0055108612388765485,0.0057888292045713
230.0,0.000522618163868865,0.0004580275674608,0.004905656901051545,0.005270035447739,0.00011842345988186778,8.74564163486418e-05,0.005546698524802277,0.0058155194315486
231.0,0.0005183229928466613,0.0004470104389466,0.004944329101968029,0.0053128034810355,0.00011950886485134692,8.782819137755436e-05,0.005582160959666038,0.0058476421113597
232.0,0.0005139784448205983,0.0004418026611794,0.00498268121292645,0.0053541378385808,0.0001205872983367586,8.820655297193979e-05,0.005617246956083807,0.0058841470527321
233.0,0.0005095872676084572,0.0004349958116835,0.005020709060856231,0.0053961352437169,0.0001216585982068737,8.861857923429762e-05,0.005651954926671562,0.0059197496346347
234.0,0.000505152112133829,0.0004264061984663,0.0050584094178783056,0.0054396460952306,0.0001227226274185301,8.90218234093583e-05,0.005686284157430665,0.0059550741171063
235.0,0.0005006755351700261,0.000417484329613,0.005095779974538576,0.0054825934294761,0.0001237792733061723,8.936578849516324e-05,0.005720234783014774,0.0059894435475843
236.0,0.0004961601927817641,0.0004112270924137,0.005132817452806909,0.0055215895562785,0.0001248283974954864,8.972878143677867e-05,0.00575380604308416,0.0060225454301291
237.0,0.0004916087418387268,0.000396222164426,0.005169518566800796,0.0055642726960645,0.0001258698614037341,9.008738333474552e-05,0.005786997170043257,0.0060505822438252
238.0,0.00048702370004388457,0.0003906470026735,0.00520588012708301,0.0056033215153906,0.00012690352873743268,9.046354940730668e-05,0.005819807355864327,0.0060844320674715
239.0,0.00048240555872669624,0.0003863840311313,0.005241900396183378,0.0056438149880772,0.000127929297889431,9.097876519540598e-05,0.005852235252799504,0.0061211777844039
240.0,0.0004777575053536279,0.0003811228289997,0.005277577361177784,0.0056834492798898,0.00012894706813642028,9.146909840283003e-05,0.005884281934667832,0.0061560412072924
241.0,0.0004730840213532484,0.0003780922770416,0.005312908652852981,0.0057229101254783,0.00012995673292545167,9.18913704337012e-05,0.005915949407131681,0.0061928937729537
242.0,0.00046838740385681747,0.0003751890653493,0.005347892369746315,0.0057588303262049,0.00013095819228561538,9.230046933362664e-05,0.005947237965888748,0.0062263198608878
243.0,0.0004636687934508756,0.0003729993982499,0.005382526850030453,0.0057942550708397,0.0001319513469324783,9.26590712315935e-05,0.005978146990413807,0.0062599135403212
244.0,0.00045893045834387324,0.0003697734448494,0.005416810628365267,0.0058250165271198,0.00013293611255868574,9.298693582402032e-05,0.006008677199267826,0.0062877769077933
245.0,0.0004541749170840023,0.0003620100796787,0.005450742278421632,0.0058648118238662,0.0001339124040158898,9.336163821536528e-05,0.006038829599521524,0.0063201835417603
246.0,0.0004494043585150663,0.0003580852184975,0.005484320559043695,0.0059033929970438,0.00013488013972718534,9.376415054981788e-05,0.006068605057285946,0.0063552423660912
247.0,0.000444620815620317,0.0003546111711309,0.005517544452943734,0.0059393110022485,0.00013583924722002585,9.416446736244618e-05,0.006098004515784077,0.0063880866407419
248.0,0.00043982638117276337,0.0003518096852831,0.005550413056161741,0.0059744334967123,0.00013678965626266894,9.454502447865587e-05,0.006127029093597173,0.006420788206474
249.0,0.00043502461294068866,0.0003507097288491,0.0055829254199056145,0.0060052849693871,0.00013773126161502154,9.487215723047462e-05,0.006155681294461325,0.0064508668554668
250.0,0.0004302182259732245,0.0003406557025751,0.005615080959953572,0.0060373769118927,0.0001386639861636541,9.519050789499622e-05,0.006183963172090451,0.0064732231223629
251.0,0.00042540722074026975,0.0003318172635511,0.005646879676204501,0.0060672294221376,0.00013958782989522043,9.551910432803116e-05,0.006211874726839991,0.0064945657900168
252.0,0.0004205915972418243,0.0003269900429001,0.005678321568658401,0.0060999712391032,0.00014050279280972057,9.586599677626846e-05,0.0062394159587099455,0.0065228272787796
253.0,0.000415773046656933,0.0003244271370906,0.005709406577070507,0.0061354603857115,0.0001414088347024256,9.62941235320044e-05,0.006266588458429865,0.0065561816463342
254.0,0.00041095741028800533,0.0003247864708291,0.005740134493356467,0.0061682519678385,0.00014230581670691543,9.672151844713224e-05,0.006293397720351387,0.0065897599571148
255.0,0.0004061451821396638,0.0003218247118882,0.005770505299918385,0.00620463542367,0.00014319372707912194,9.713427655009817e-05,0.00631984420913717,0.0066235944121083
256.0,0.00040133636221190833,0.000322713898227,0.005800518996756262,0.0062364653672379,0.00014407256581904515,9.750092869475406e-05,0.006345927924787216,0.0066566801941597
257.0,0.00039653130173417447,0.0003245610639218,0.005830175687635235,0.0062664883963444,0.00014494232746587203,9.787489924549091e-05,0.006371649316835282,0.0066889243595117
258.0,0.00039173516898292915,0.0003210343240314,0.005859476899440205,0.0062974554998353,0.00014580293166474524,9.822618273737682e-05,0.006397015000087879,0.0067167160066042
259.0,0.0003869496776863013,0.000325483183088,0.005888423138464831,0.0063251307842711,0.00014665435177111882,9.85781980698708e-05,0.006422027167922251,0.006749192165429
260.0,0.000382174827844291,0.0003310437080284,0.0059170144047091125,0.0063517456316657,0.00014749658778499285,9.896168254851292e-05,0.006446685820338397,0.0067817510222426
261.0,0.0003774106194568981,0.0003333936482209,0.005945250698173051,0.0063805647829719,0.00014832963970636727,9.932174812769596e-05,0.0064709909573363155,0.0068132801793206
262.0,0.00037265876273422994,0.000332943566247,0.005973132953504361,0.0064109010398587,0.00014915348407429566,9.967669082262232e-05,0.006494945200312886,0.0068435212969283
263.0,0.0003679219078154579,0.0003322234350886,0.0060006628158497345,0.0064418564338999,0.00014996809600691428,0.0001000396837642,0.006518552819672107,0.0068741195527528
264.0,0.0003632017915926143,0.0003270976234695,0.006027841634436947,0.0064750329641867,0.00015077347689630965,0.0001003638891536,0.006541816902925871,0.0069024944768099
265.0,0.00035849994704320403,0.0003187919644082,0.006054670667831965,0.0065057592921176,0.00015156962693109582,0.0001007166363267,0.006564740241806265,0.0069252678928526
266.0,0.0003538175120211544,0.0003136990856165,0.006081151297925086,0.0065372738123834,0.00015235654916609747,0.0001010832884713,0.006587325359112339,0.0069520561864713
267.0,0.00034915559212091954,0.0003095268623097,0.006107285004025201,0.0065670787529887,0.00015313425011700027,0.0001014682366312,0.00660957484626312,0.0069780738519297
268.0,0.0003445154311486697,0.0003045057038976,0.006133073452935109,0.0065984864245257,0.0001539027407980146,0.0001018634305596,0.006631491624881794,0.007004855558983
269.0,0.0003398986354521604,0.00029982704689,0.0061585190341497025,0.0066296138011099,0.00015466204215214017,0.0001022381329509,0.006653079711754003,0.0070316789809509
270.0,0.0003353055254718629,0.0002951132615333,0.006183622231243547,0.0066603291514316,0.00015541215853982632,0.000102590880124,0.006674339915255236,0.007058033293089
271.0,0.00033073752751932553,0.0002903423926091,0.006208385492144977,0.0066889507057736,0.00015615311692938235,0.0001028770298018,0.006695276136593684,0.0070821701281846
272.0,0.00032619574203119196,0.0002809287268672,0.006232810705494695,0.0067175254223167,0.00015688493812756387,0.0001031587884359,0.006715891385653451,0.0071016129376199
273.0,0.0003216799902710988,0.0002773009929729,0.0062568974991654355,0.0067443364029943,0.00015760761717198885,0.0001034529883603,0.006736185106608523,0.0071250903843276
274.0,0.0003171940800512275,0.0002724591355097,0.006280653800982835,0.0067719450899347,0.00015832125978159506,0.0001037545066909,0.006756169140815658,0.0071481587321354
275.0,0.0003127360495478083,0.0002662070211947,0.006304075583549888,0.0067993913082601,0.00015902581291493405,0.000104056756862,0.006775837446012631,0.007169655086317
276.0,0.0003083071401268068,0.0002633301557643,0.006327166259779828,0.0068239218736029,0.00015972133172569228,0.0001043809622514,0.006795194731632327,0.0071916329916187
277.0,0.00030390849413064236,0.000260934841454,0.006349928735772548,0.0068481721439927,0.0001604078611098337,0.0001046671119292,0.006814245091013024,0.007213774097376
278.0,0.00029954118860575564,0.0002580367526459,0.006372365583435986,0.0068706359914582,0.00016108543919939527,0.0001049130103735,0.006832992211241137,0.0072335857544778
279.0,0.0002952063005985875,0.000248694075443,0.006394479374678079,0.0068958676601036,0.00016175410412641407,0.0001051720819488,0.006851439779403081,0.0072497338174954
280.0,0.00029090490715557877,0.0002429725455689,0.006416272681406766,0.0069206133865851,0.00016241389402292715,0.0001054553042641,0.006869591482585272,0.0072690412364182
281.0,0.0002866379539322122,0.0002359205294693,0.0064377480528448085,0.0069449770922692,0.00016306484813823711,0.00010571510768,0.006887450854915257,0.0072866127294186
282.0,0.00028240491532541983,0.0002296742698792,0.006458907784196275,0.0069677278212531,0.00016370701823229853,0.0001059624698055,0.006905019717753993,0.0073033645609379
283.0,0.000278205876188868,0.0002259565195901,0.006479754287656565,0.006989598877826,0.0001643404566847578,0.0001062164184965,0.006922300620530191,0.0073217718159127
284.0,0.00027404222241812445,0.0002234631386383,0.006500290213180476,0.0070113272254804,0.00016496521386253154,0.0001064659761439,0.006939297649461131,0.0073412563402626
285.0,0.0002699151808147868,0.0002222153504015,0.006520519597426471,0.0070301421156739,0.00016558137103951474,0.0001067096790664,0.006956016149280772,0.0073590671451419
286.0,0.00026582519471863165,0.0002140765509989,0.006540440746192978,0.0070523725059854,0.0001661888945619155,0.0001069299630894,0.006972454835473525,0.0073733790200738
287.0,0.0002617722558852277,0.0002116775774855,0.006560060826973917,0.0070720553591401,0.0001667879280773512,0.0001071736660119,0.006988621010936495,0.0073909066026377
288.0,0.0002577562880201489,0.0002077322247673,0.006579381317148304,0.0070938576226959,0.0001673785024920701,0.0001074020002816,0.0070045161076605226,0.0074089918477449
289.0,0.0002537781023843486,0.0002063197723937,0.0065984048123747955,0.0071119055439322,0.0001679606735425558,0.0001076478987259,0.0070201435883017,0.0074258732150519
290.0,0.0002498382221867366,0.0002061353485604,0.0066171341052515655,0.0071282065616369,0.00016853450126691588,0.0001078315907186,0.007035506828705218,0.007442173500916
291.0,0.00024593694031780196,0.0002039566590701,0.006635572048940335,0.0071438899058684,0.00016910004740310912,0.0001080357742482,0.007050609036661246,0.0074558823391868
292.0,0.0002420745491311186,0.0002029401324655,0.006653721516282206,0.007159354429758,0.00016965737495875256,0.0001082399577779,0.007065453440372077,0.0074705345200015
293.0,0.00023825124226086727,0.0001965584823629,0.006671584953837973,0.0071775772608996,0.00017020653951871063,0.0001084243816111,0.007080042735617552,0.0074825601248737
294.0,0.00023446725819236457,0.0001919412999664,0.006689165394470189,0.0071970237295379,0.00017074761003855202,0.0001086336880251,0.007094380262701106,0.0074975987175295
295.0,0.00023072289209497197,0.0001885631237194,0.006706465996603459,0.0072161533111929,0.00017128065726066544,0.0001088525083669,0.007108469545959096,0.0075135689432794
296.0,0.0002270184391380509,0.0001860734019707,0.00672348991866239,0.0072331181083292,0.00017180575192743966,0.0001090398595625,0.007122314109727881,0.0075282313698626
297.0,0.00022335419449096266,0.0001661292817189,0.00674024031907159,0.0072668610832467,0.00017232296478126351,0.0001092037918588,0.007135917478343816,0.0075421941568244
298.0,0.00021973030457554874,0.0001809256351333,0.006756720202385055,0.0072652085871536,0.00017283236604045775,0.0001093626012707,0.007149282873001061,0.0075554968235578
299.0,0.0002161466538679161,0.0001785347118667,0.0067729323021892395,0.0072795211939261,0.00017333402500045467,0.0001095192151609,0.00716241298105761,0.0075675751209538
300.0,0.000212603361091976,0.0001690815267319,0.006788879594386254,0.0073008111690562,0.0001738280117819896,0.0001096663151231,0.00717531096726022,0.0075795590109113
301.0,0.0002091005547652225,0.0001665274030097,0.006804565065009093,0.0073164096197772,0.0001743143965403027,0.0001098595210436,0.007187980016314618,0.0075927965438306
302.0,0.00020563836340514963,0.0001669204014162,0.0068199917000907545,0.007330744181768,0.00017479324943063402,0.0001100219896586,0.007200423312926538,0.0076076865728429
303.0,0.00020221705346529413,0.0001649927332545,0.0068351624836937245,0.0073457754560176,0.00017526464160695667,0.0001101932403609,0.007212644178765975,0.0076209614296331
304.0,0.0001988379262911442,0.0001649927332545,0.006850080387107924,0.0073457754560176,0.00017572865194098668,0.0001101932403609,0.007224646965340055,0.0076209614296331
305.0,0.00019550053838045706,0.000163445622209,0.006864748495437661,0.0073739893751409,0.00017618535659345882,0.0001105071999818,0.007236434390411576,0.0076479421973318
306.0,0.00019220345470015608,0.000162853563157,0.0068791699636806865,0.0073864006600136,0.00017663483007354799,0.0001106250263197,0.007248008248454391,0.0076598792494904
307.0,0.00018894600288621474,0.0001584859384079,0.006893348100923343,0.0073998555495935,0.00017707715349744586,0.0001107472437012,0.0072593712573070035,0.0076690887317027
308.0,0.0001857289159264346,0.0001569849333207,0.006907285280823586,0.0074128947537079,0.00017751238847975518,0.0001108950755041,0.0072705265852297755,0.0076807747625328
309.0,0.00018255308684143878,0.000156323349411,0.006920985140937926,0.007425813204122,0.00017794062936317404,0.0001110399799445,0.007281478857142539,0.0076931765334776
310.0,0.00017941795828170737,0.0001559018092207,0.006934450389989696,0.0074375043578363,0.0001783619439491638,0.0001111797615006,0.007292230292220567,0.0077045859285578
311.0,0.00017632321395285428,0.0001544425190482,0.006947684131494951,0.00744992881584,0.00017877641106078782,0.000111307833607,0.007302783756508594,0.0077156791684953
312.0,0.00017326881384751924,0.0001528273468261,0.006960689313665639,0.007462494519081,0.00017918410668789385,0.0001114402967571,0.0073131422342010526,0.0077267621626643
313.0,0.00017025469993777964,0.0001522316285711,0.00697346868793167,0.0074730747387522,0.0001795851020562958,0.0001115464136453,0.0073233084899257455,0.0077368527809687
314.0,0.00016728071501858054,0.0001467442876916,0.006986025827246824,0.0074858168155798,0.00017997949003630616,0.0001116466758086,0.00733328603230171,0.0077442077790801
315.0,0.00016434674511257911,0.0001443043311042,0.006998362312595309,0.0074982493238301,0.00018036731288119276,0.0001117652339871,0.007343076370589082,0.0077543188889215
316.0,0.00016145259678830895,0.0001407388036616,0.007010481623976437,0.0075128605215707,0.00018074866195557586,0.0001118757419189,0.007352682882720322,0.0077654750671513
317.0,0.00015859809946390982,0.0001380939317039,0.007022387035027437,0.007526030725154,0.0001811236228810562,0.000111995031938,0.007362108757372403,0.0077761196887961
318.0,0.00015578308255752163,0.0001358749909802,0.007034081819385538,0.0075385715458143,0.00018149228127923458,0.0001121062717105,0.0073713571832222935,0.0077865528085051
319.0,0.0001530073754872842,0.0001349572628576,0.007045569250687967,0.0075502429398322,0.00018185472277171174,0.0001122197070047,0.007380431348946962,0.0077974199096947
320.0,0.000150270789140429,0.0001347918668802,0.007056852247648088,0.0075599749562387,0.00018221102538591754,0.0001123155781244,0.007389334062174435,0.0078070824012434
321.0,0.00014757310195164165,0.0001297304572346,0.007067933107413245,0.007571611953748,0.00018256125384986992,0.0001124012034755,0.007398067463214757,0.0078137436144583
322.0,0.00014491412195569606,0.0001291684036476,0.007078814694063471,0.0075813600706479,0.00018290548502203013,0.0001125014656388,0.007406634301041197,0.0078230299399344
323.0,0.0001422936584301896,0.0001271499872505,0.007089499895482686,0.0075918261231842,0.0001832437962701821,0.0001125914820336,0.007415037350183058,0.0078315675924685
324.0,0.00013971152065271955,0.0001256467866415,0.007099991599554814,0.0076070088884398,0.00018357626496210983,0.0001127107720528,0.007423279385169643,0.0078453664471341
325.0,0.0001371674463884098,0.0001242936133571,0.007110292696470618,0.007617835738396,0.0001839029684791365,0.0001128110342161,0.007431363111338164,0.0078549403859692
326.0,0.00013465978621094249,0.000123528108081,0.007120406121168745,0.0076280544288068,0.00018422398446521826,0.0001129039779733,0.007439289891844906,0.0078644865148612
327.0,0.0001321878201261168,0.0001231212047029,0.007130334656817892,0.0076367443041873,0.00018453938922036663,0.000112990335165,0.007447061866164376,0.0078728558440554
328.0,0.00012975303323573573,0.0001195483588542,0.0071400808304647985,0.0076465678006698,0.00018484925690233825,0.0001130591281822,0.0074546831206028724,0.0078791752877063
329.0,0.00012735593159495198,0.0001171362122099,0.007149647931118666,0.0076569782333199,0.00018515368081147403,0.0001131396306491,0.007462157543525093,0.0078872540761791
330.0,0.0001249966450182653,0.00011345359027,0.007159036695041617,0.0076700225603186,0.00018545268188695986,0.0001132179375942,0.007469486021946842,0.0078966940881829
331.0,0.00012267274833162268,0.0001108445785021,0.007168252141384342,0.0076816244294788,0.00018574639405865228,0.0001133057584671,0.007476671283774617,0.0079057747664481
332.0,0.00012038413757785002,0.0001087441959569,0.007177296124997472,0.0076922273362089,0.00018603486950549,0.0001133752833249,0.007483715132080813,0.0079143468154908
333.0,0.00011813110466106883,0.0001088729999039,0.0071861712250661895,0.0077008667145874,0.00018631818204774227,0.0001134323668923,0.007490620511775,0.0079231720813838
334.0,0.00011591331746383868,0.0001087581009284,0.007194880054374352,0.0077095785451862,0.00018659640489792416,0.0001134938415034,0.007497389776736115,0.0079318304876182
335.0,0.00011373035794005484,0.0001051106073377,0.0072034252067925365,0.0077198360231493,0.00018686961071542296,0.0001135509250708,0.007504025175448014,0.0079384975555579
336.0,0.00011158189664860149,0.0001035634962922,0.007211809066189822,0.0077294136211874,0.00018713786675995738,0.000113619718088,0.007510528829598381,0.0079465968355677
337.0,0.00010946761382601126,0.0001043326607713,0.007220033900346302,0.0077380229941011,0.000187401237498571,0.0001136987568737,0.007516902751670884,0.0079560544117461
338.0,0.00010738713139238564,9.947616649600388e-05,0.0072281025132855115,0.0077496285224642,0.00018765980223759833,0.0001137624270066,0.007523149446915495,0.0079628671159669
339.0,0.00010534007610636817,9.994820368822502e-05,0.0072360176820988765,0.0077579678461935,0.00018791363949340495,0.0001138378065892,0.00752927139769865,0.007971753856471
340.0,0.00010332607472660237,0.0001006771169338,0.007243782183877824,0.007766095667987,0.00018816282778235635,0.0001139051359252,0.007535271086386783,0.0079806779208461
341.0,0.00010134476012596099,0.0001021920269926,0.007251398398781593,0.0077730401035172,0.0001884074353099236,0.0001139710015799,0.007541150594217477,0.0079892031320898
342.0,9.939577038570891e-05,0.0001001684877112,0.007258868368843653,0.0077816794818958,0.00018864752149826608,0.0001140302806692,0.007546911660727627,0.0079958782502763
343.0,9.747873760208658e-05,9.993210319484726e-05,0.007266194524641754,0.0077903393518114,0.00018888315586254947,0.00011410346473,0.00755255641810639,0.0080043749197362
344.0,9.559329383960006e-05,0.000100512452797,0.00727337929881383,0.0077991119251806,0.00018911440797145576,0.0001141773806314,0.007558087000624886,0.0080138017586091
345.0,9.373908505936876e-05,0.0001021225021348,0.007280425119504503,0.0078070860604464,0.00018934134732701517,0.0001142483691704,0.007563505551890887,0.0080234569317517
346.0,9.191644974077256e-05,0.0001047461507148,0.007287334190901378,0.0078146291415941,0.0001895640401089026,0.0001143222850718,0.007568814680751054,0.0080336975773808
347.0,9.012521446064727e-05,0.0001065808751193,0.007294108707290037,0.0078231675259687,0.00018978255109460538,0.0001143881507265,0.007574016472845289,0.0080441365518147
